{"Training": {"Models": ["MSE", "SSIM", "PSNR"], "Accuracy": [0.07665041083230563, 0.08690335056879919, 0.12443799810590855]}, "MSE": {"Models": ["TDNN", "BCCA", "DE-CNN", "DGMM"], "Accuracy": [0.057377055548421554, 0.11, 0.09, 0.05]}, "SSIM": {"Models": ["TDNN", "BCCA", "DE-CNN", "DGMM"], "Accuracy": [0.36506150307013213, 0.112, 0.34, 0.41]}, "PSNR": {"Models": ["TDNN", "BCCA", "DE-CNN", "DGMM"], "Accuracy": [1.1517275775252016, 4.4027275775252015, 6.007727577525202, 3.5617275775252017]}, "PCC": {"Models": ["TDNN", "BCCA", "DE-CNN", "DGMM"], "Accuracy": [0.10953078780626006, 0.35, 0.48, 0.5]}, "Iterations": 10, "Epochs": 1}