{"Training": {"Models": ["MSE", "SSIM", "PSNR"], "Accuracy": [0.07665366272399612, 0.08699403891875387, 0.12443163033644011]}, "MSE": {"Models": ["TDNN", "BCCA", "DE-CNN", "DGMM"], "Accuracy": [0.05738270330255103, 0.11, 0.09, 0.05]}, "SSIM": {"Models": ["TDNN", "BCCA", "DE-CNN", "DGMM"], "Accuracy": [0.3650038104943054, 0.112, 0.34, 0.41]}, "PSNR": {"Models": ["TDNN", "BCCA", "DE-CNN", "DGMM"], "Accuracy": [1.152025245073883, 4.4030252450738825, 6.008025245073883, 3.562025245073883]}, "PCC": {"Models": ["TDNN", "BCCA", "DE-CNN", "DGMM"], "Accuracy": [0.10843331928855916, 0.35, 0.48, 0.5]}, "Iterations": 10, "Epochs": 1}