{"Training": {"Models": ["MSE", "SSIM", "PSNR"], "Accuracy": [0.02580617327054162, 0.7398985508794932, 0.1831935420876519]}, "MSE": {"Models": ["TDNN", "BCCA", "DE-CNN", "DGMM"], "Accuracy": [0.04217631160511172, 0.11, 0.09, 0.05]}, "SSIM": {"Models": ["TDNN", "BCCA", "DE-CNN", "DGMM"], "Accuracy": [0.6691537449171385, 0.112, 0.34, 0.41]}, "PSNR": {"Models": ["TDNN", "BCCA", "DE-CNN", "DGMM"], "Accuracy": [1.546848483305476, 4.797848483305476, 6.402848483305476, 3.9568484833054764]}, "PCC": {"Models": ["TDNN", "BCCA", "DE-CNN", "DGMM"], "Accuracy": [0.5454305330900254, 0.35, 0.48, 0.5]}, "Iterations": 50, "Epochs": 1}