{"Training": {"Models": ["MSE", "SSIM", "PSNR"], "Accuracy": [0.07676155639630658, 0.08578130018176794, 0.12429041985153823]}, "MSE": {"Models": ["TDNN", "BCCA", "DE-CNN", "DGMM"], "Accuracy": [0.05776396911894142, 0.11, 0.09, 0.05]}, "SSIM": {"Models": ["TDNN", "BCCA", "DE-CNN", "DGMM"], "Accuracy": [0.3655236017583622, 0.112, 0.34, 0.41]}, "PSNR": {"Models": ["TDNN", "BCCA", "DE-CNN", "DGMM"], "Accuracy": [1.1488820530941808, 4.3998820530941805, 6.004882053094181, 3.558882053094181]}, "PCC": {"Models": ["TDNN", "BCCA", "DE-CNN", "DGMM"], "Accuracy": [0.10468623049743653, 0.35, 0.48, 0.5]}, "Iterations": 10, "Epochs": 1}