{"Training": {"Models": ["MSE", "SSIM", "PSNR"], "Accuracy": [0.07701970295372076, 0.08528035943959683, 0.1241070785468596]}, "MSE": {"Models": ["TDNN", "BCCA", "DE-CNN", "DGMM"], "Accuracy": [0.057917993691720716, 0.11, 0.09, 0.05]}, "SSIM": {"Models": ["TDNN", "BCCA", "DE-CNN", "DGMM"], "Accuracy": [0.3590813549382916, 0.112, 0.34, 0.41]}, "PSNR": {"Models": ["TDNN", "BCCA", "DE-CNN", "DGMM"], "Accuracy": [1.1498043038209078, 4.400804303820908, 6.0058043038209075, 3.5598043038209077]}, "PCC": {"Models": ["TDNN", "BCCA", "DE-CNN", "DGMM"], "Accuracy": [0.10665827577471028, 0.35, 0.48, 0.5]}, "Iterations": 10, "Epochs": 1}